ID,Language_ID,Parameter_ID,Value,Code_ID,Comment,Source
afar1241-middle-markers,afar1241,middle-markers,S / u / f / f / . /   / - / ( / i / ) / t / -,,,
ahte1237-middle-markers,ahte1237,middle-markers,P / r / e / f / . /   / d / -,,,
akka1240-middle-markers,akka1240,middle-markers,T / - / s / t / e / m,,,
akun1241-middle-markers,akun1241,middle-markers,P / r / o / n / o / u / n /   / t / e,,,
alab1254-middle-markers,alab1254,middle-markers,S / u / f / f / . /   / - / a / k / k / ' / - / / /   / - / ʔ / -,,,
amha1245-middle-markers,amha1245,middle-markers,P / r / e / f / . /   / t / ä / -,,,
guer1243-middle-markers,guer1243,middle-markers,T / e / m / a /   / e / x / t / e / n / d / i / d / o,,,
apin1244-middle-markers,apin1244,middle-markers,a / - / s / e / r / i / e / s /   / p / r / e / f / i / x / e / s,,,
nucl1235-middle-markers,nucl1235,middle-markers,S / u / f / f / . /   / - / v / -,,,
sout2996-middle-markers,sout2996,middle-markers,S / u / f / f / . /   / - / s / i / -,,,
bali1278-middle-markers,bali1278,middle-markers,P / r / e / f / . /   / m / a / -,,,
bard1255-middle-markers,bard1255,middle-markers,C / i / r / c / . /   / ( / m / a / ) / - / . / . / . / - / i / n / y / j,,,
batu1258-middle-markers,batu1258,middle-markers,P / r / e / f / . /   / r / -,,,
bell1243-middle-markers,bell1243,middle-markers,S / u / f / f / . /   / - / m / -,,,
bidy1244-middle-markers,bidy1244,middle-markers,P / r / e / f / . /   / n / ɛ / -,,,
brib1243-middle-markers,brib1243,middle-markers,S / u / f / f / . /   / - / r / -,,,
bull1246-middle-markers,bull1246,middle-markers,S / u / f / f / . /   / - / n / -,,,
gahr1239-middle-markers,gahr1239,middle-markers,S / u / f / f / . /   / - / s / -,,,
buru1296-middle-markers,buru1296,middle-markers,P / r / e / f / . /   / d / d / -,,,
bwat1240-middle-markers,bwat1240,middle-markers,P / r / e / f / . /   / v / e / -,,,
cadd1256-middle-markers,cadd1256,middle-markers,S / u / f / f / . /   / - / u / ˀ,,,
cavi1250-middle-markers,cavi1250,middle-markers,S / u / f / f / . /   / - / t / a / ( / n / a / ),,,
chit1248-middle-markers,chit1248,middle-markers,P / r / e / v / e / r / b /   / ʔ / a / p / š,,,
chuw1238-middle-markers,chuw1238,middle-markers,S / u / f / f / . /   / - / u / w / -,,,
colu1241-middle-markers,colu1241,middle-markers,S / u / f / f / . /   / - / m / -,,,
daai1236-middle-markers,daai1236,middle-markers,P / r / e / f / . /   / n / g / -,,,
daas1238-middle-markers,daas1238,middle-markers,S / u / f / f / . /   / - / s / -,,,
daga1275-middle-markers,daga1275,middle-markers,I / n / t / e / n / s / i / v / e /   / s / u / f / f / i / x / e / s,,,
dulo1243-middle-markers,dulo1243,middle-markers,s / u / f / f / . /   / - / ɕ / ɯ / ̌,,,
eton1256-middle-markers,eton1256,middle-markers,S / u / f / f / . /   / - / b / à / -,,,
fass1245-middle-markers,fass1245,middle-markers,S / u / f / f / . /   / - / n / i / / / - / n / u,,,
nort2626-middle-markers,nort2626,middle-markers,R / e / f / l / e / x / i / v / e /   / p / r / o / n / o / u / n,,,
fwee1238-middle-markers,fwee1238,middle-markers,S / u / f / f / . /   / - / u / k / -,,,
gara1269-middle-markers,gara1269,middle-markers,R / e / f / l / e / x / i / v / e /   / p / r / o / n / o / u / n / s,,,
stan1295-middle-markers,stan1295,middle-markers,R / e / f / l / e / x / i / v / e /   / p / r / o / n / o / u / n / s,,,
mode1248-middle-markers,mode1248,middle-markers,M / i / d / d / l / e /   / i / n / f / l / e / c / t / i / o / n,,,
guah1255-middle-markers,guah1255,middle-markers,P / r / e / f / . /   / n / a / -,,,
halk1245-middle-markers,halk1245,middle-markers,S / u / f / f / . /   / - / m,,,
hame1242-middle-markers,hame1242,middle-markers,S / u / f / f / . /   / - / V / m / -,,,
haus1257-middle-markers,haus1257,middle-markers,G / r / a / d / e /   / 7,,,
bibl1238-middle-markers,bibl1238,middle-markers,T / - / s / t / e / m,,,
hida1246-middle-markers,hida1246,middle-markers,P / r / e / f / . /   / h / g / i / -,,,
hinu1240-middle-markers,hinu1240,middle-markers,S / u / f / f / . /   / - / ł / -,,,
hitt1242-middle-markers,hitt1242,middle-markers,M / i / d / d / l / e /   / i / n / f / l / e / c / t / i / o / n,,,
hooo1248-middle-markers,hooo1248,middle-markers,S / u / f / f / . /   / - / e / n / -,,,
huas1242-middle-markers,huas1242,middle-markers,S / u / f / f / . /   / - / ( / V / ) / n / -,,,
sand1278-middle-markers,sand1278,middle-markers,P / r / e / a / s / p / i / r / a / t / i / o / n,,,
hupd1244-middle-markers,hupd1244,middle-markers,P / r / e / f / . /   / h / u / p / -,,,
wyan1247-middle-markers,wyan1247,middle-markers,S / u / f / f / . /   / - / a / t / -,,,
idaa1241-middle-markers,idaa1241,middle-markers,I / n / f / . /   / - / ə / r / -,,,
iraq1241-middle-markers,iraq1241,middle-markers,S / u / f / f / . /   / - / t / -,,,
ital1282-middle-markers,ital1282,middle-markers,R / e / f / l / e / x / i / v / e /   / p / r / o / n / o / u / n,,,
nucl1305-middle-markers,nucl1305,middle-markers,S / u / f / f / . /   / - / k / o / L / L / u / -,,,
kano1245-middle-markers,kano1245,middle-markers,S / u / f / f / . /   / - / r / y,,,
karb1241-middle-markers,karb1241,middle-markers,P / r / e / f / . /   / c / h / e / -,,,
kaya1319-middle-markers,kaya1319,middle-markers,S / u / f / f / . /   / - / y / i / i / -,,,
east2774-middle-markers,east2774,middle-markers,S / u / f / f / . /   / - / u / j / -,,,
khar1287-middle-markers,khar1287,middle-markers,M / i / d / d / l / e /   / i / n / f / l / e / c / t / i / o / n,,,
kiow1266-middle-markers,kiow1266,middle-markers,R / e / f / l / e / x / i / v / e /   / p / r / e / f / i / x / e / s,,,
kons1243-middle-markers,kons1243,middle-markers,S / u / f / f / . /   / - / a / ʔ / -,,,
koyu1237-middle-markers,koyu1237,middle-markers,P / r / e / f / . /   / d / -,,,
kryt1240-middle-markers,kryt1240,middle-markers,S / u / f / f / . /   / - / a / R / -,,,
kuru1301-middle-markers,kuru1301,middle-markers,S / u / f / f / . /   / - / r / ʔ / -,,,
kusu1250-middle-markers,kusu1250,middle-markers,S / u / f / f / . /   / - / q,,,
laal1242-middle-markers,laal1242,middle-markers,S / u / f / f / . /   / - / ɨ / ɲ / -,,,
kart1248-middle-markers,kart1248,middle-markers,P / r / e / f / . /   / - / i / -,,,
lewo1244-middle-markers,lewo1244,middle-markers,S /   / e / n / c / l / i / t / i / c / s,,,
lika1243-middle-markers,lika1243,middle-markers,S / u / f / f / . /   / - / a / n / -,,,
lith1251-middle-markers,lith1251,middle-markers,S / u / f / f / . /   / - / s / -,,,
lumu1239-middle-markers,lumu1239,middle-markers,S / u / f / f / . /   / - / ( / a / ) / k / ɔ,,,
makw1236-middle-markers,makw1236,middle-markers,S / u / f / f / . /   / - / i / w / -,,,
mapu1245-middle-markers,mapu1245,middle-markers,S / u / f / f / . /   / - / ( / u / ) / w / -,,,
masa1300-middle-markers,masa1300,middle-markers,N / e / u / t / e / r /   / f / o / r / m,,,
mikm1235-middle-markers,mikm1235,middle-markers,S / u / f / f / . /   / - / a / s / i,,,
lush1249-middle-markers,lush1249,middle-markers,P / r / e / f / . /   / i / n / -,,,
movi1243-middle-markers,movi1243,middle-markers,S / u / f / f / . /   / - / c / h / e / ł / -,,,
mund1325-middle-markers,mund1325,middle-markers,S / u / f / f / . /   / - / k,,,
cree1270-middle-markers,cree1270,middle-markers,S / u / f / f / . /   / - / k / -,,,
muss1248-middle-markers,muss1248,middle-markers,P / r / e / f / . /   / a / i / -,,,
nava1243-middle-markers,nava1243,middle-markers,P / r / e / f / . /   / d / -,,,
nene1251-middle-markers,nene1251,middle-markers,R / e / f / l / e / x / i / v / e /   / i / n / f / l / e / c / t / i / o / n,,,
nias1242-middle-markers,nias1242,middle-markers,P / r / e / f / . /   / a / -,,,
nisg1240-middle-markers,nisg1240,middle-markers,M / e / d / i / a / l /   / s / u / f / f / i / x / e / s,,,
sout2986-middle-markers,sout2986,middle-markers,S / u / f / f / . /   / - / p / u / -,,,
okan1243-middle-markers,okan1243,middle-markers,S / u / f / f / . /   / - / m,,,
oksa1245-middle-markers,oksa1245,middle-markers,P / r / e / f / . /   / t / -,,,
east2652-middle-markers,east2652,middle-markers,S / u / f / f / . /   / - / a / t / -,,,
otom1300-middle-markers,otom1300,middle-markers,P / r / e / f / . /   / n / -,,,
pagu1249-middle-markers,pagu1249,middle-markers,P / r / e / f / . /   / m / a / -,,,
phal1254-middle-markers,phal1254,middle-markers,S / u / f / f / . /   / - / í / ǰ / -,,,
enap1235-middle-markers,enap1235,middle-markers,D / e / t / r / a / n / s / i / t / i / v / i / z / e / r,,,
pare1272-middle-markers,pare1272,middle-markers,S / u / f / f / . /   / - / o / a,,,
pila1245-middle-markers,pila1245,middle-markers,S / e / t /   / B /   / p / r / o / n / o / u / n / s,,,
pima1248-middle-markers,pima1248,middle-markers,P / r / e / f / . /   / a / -,,,
yauy1235-middle-markers,yauy1235,middle-markers,S / u / f / f / . /   / - / k / U,,,
vlax1238-middle-markers,vlax1238,middle-markers,R / e / f / l / e / x / i / v / e /   / p / r / o / n / o / u / n,,,
sali1253-middle-markers,sali1253,middle-markers,S / u / f / f / . /   / - / a / ˀ,,,
sand1273-middle-markers,sand1273,middle-markers,S / u / f / f / . /   / - / t / s / ' / ì / -,,,
seme1247-middle-markers,seme1247,middle-markers,P / r / e / f / . /   /   / b / ( / r / ) / -,,,
sere1260-middle-markers,sere1260,middle-markers,S / u / f / f / . /   / - / u / - / / / - / o / o / x / -,,,
shek1244-middle-markers,shek1244,middle-markers,S / u / f / f / . /   / - / a,,,
siwa1245-middle-markers,siwa1245,middle-markers,M / i / d / d / l / e /   / i / n / f / l / e / c / t / i / o / n,,,
soma1255-middle-markers,soma1255,middle-markers,S / u / f / f / . /   / - / a / t / -,,,
taga1270-middle-markers,taga1270,middle-markers,P / r / e / f / . /   / m / a / g / - / / / u / m / -,,,
tama1365-middle-markers,tama1365,middle-markers,P / r / e / f / . /   / m / - / / / - / n / - / / / n / v / y / -,,,
thul1246-middle-markers,thul1246,middle-markers,S / u / f / f / . /   / - / s / i / -,,,
toab1237-middle-markers,toab1237,middle-markers,P / r / e / f / . /   / k / w / a / i / -,,,
toba1269-middle-markers,toba1269,middle-markers,S / e / t /   / I / I /   / p / r / o / n / o / u / n / s,,,
tonk1249-middle-markers,tonk1249,middle-markers,P / r / e / f / . /   / h / e / -,,,
trio1238-middle-markers,trio1238,middle-markers,D / e / t / r / a / n / s / i / t / i / v / i / z / e / r,,,
mose1249-middle-markers,mose1249,middle-markers,S / u / f / f / . /   / - / k / i / -,,,
tuvi1240-middle-markers,tuvi1240,middle-markers,S / u / f / f / . /   / - / I / n / -,,,
tzel1254-middle-markers,tzel1254,middle-markers,I / n / f / . /   / - / j / -,,,
udih1248-middle-markers,udih1248,middle-markers,S / u / f / f / . /   / - / p / t / A / - / / / - / k / t / A / -,,,
urar1246-middle-markers,urar1246,middle-markers,P / r / e / f / . /   / n / e / -,,,
nucl1328-middle-markers,nucl1328,middle-markers,O / b / j / . /   / p / r / o / . /   / - / n / g / n / -,,,
wara1294-middle-markers,wara1294,middle-markers,M / i / d / d / l / e /   / t / e / m / p / l / a / t / e,,,
ward1246-middle-markers,ward1246,middle-markers,S / u / f / f / . /   / - / y / i / -,,,
ware1253-middle-markers,ware1253,middle-markers,S / u / b / j / . / / / o / b / j / . /   / p / r / e / f / i / x / e / s,,,
waru1264-middle-markers,waru1264,middle-markers,S / u / f / f / . /   / - / l / i / -,,,
worr1237-middle-markers,worr1237,middle-markers,S / u / f / f / . /   / - / y / e / -,,,
yakk1236-middle-markers,yakk1236,middle-markers,S / u / f / f / . /   / - / c / a / -,,,
yapu1240-middle-markers,yapu1240,middle-markers,P / r / e / f / . /   / d / -,,,
maru1253-middle-markers,maru1253,middle-markers,P / r / e / f / . /   / n / a / -,,,
yeyi1239-middle-markers,yeyi1239,middle-markers,S / u / f / f / . /   / - / a / a / k / -,,,
yuca1254-middle-markers,yuca1254,middle-markers,C / V / V / C /   / p / a / t / t / e / r / n,,,
yuch1247-middle-markers,yuch1247,middle-markers,R / e / f / l / e / x / i / v / e /   / p / r / o / n / o / m / i / n / a / l /   / p / r / e / f / i / x / e / s,,,
yura1255-middle-markers,yura1255,middle-markers,S / u / f / f / . /   / - / t / A,,,
zagh1240-middle-markers,zagh1240,middle-markers,V / e / r / b /   / C / l / a / s / s /   / 1,,,
